"Date","Price","Open","High","Low","Vol.","Change %"
"20-02-2026","873.30","864.25","877.00","861.70","530.13K","1.05%"
"19-02-2026","864.25","878.70","882.50","860.95","611.88K","-1.64%"
"18-02-2026","878.70","875.60","880.90","870.75","550.25K","0.53%"
"17-02-2026","874.10","868.80","879.50","864.05","672.53K","0.57%"
"16-02-2026","869.15","862.40","870.85","853.55","716.92K","0.78%"
"13-02-2026","862.40","872.40","877.00","856.20","875.03K","-2.11%"
"12-02-2026","880.95","876.45","882.30","872.00","1.16M","0.65%"
"11-02-2026","875.30","881.00","886.95","865.05","2.03M","-1.84%"
"10-02-2026","891.70","899.00","902.80","888.70","1.11M","-0.42%"
"09-02-2026","895.45","901.95","908.00","884.25","2.32M","-0.71%"
"06-02-2026","901.85","847.45","907.50","847.45","15.82M","7.40%"
"05-02-2026","839.75","835.50","842.00","831.45","672.40K","0.53%"
"04-02-2026","835.30","840.00","841.35","830.80","618.12K","-0.36%"
"03-02-2026","838.30","823.00","843.00","822.25","2.21M","4.51%"
"02-02-2026","802.15","800.00","807.00","788.45","1.07M","0.39%"
"01-02-2026","799.00","830.65","830.65","795.80","842.93K","-3.09%"
"30-01-2026","824.50","816.90","834.90","813.20","719.86K","0.43%"
"29-01-2026","821.00","822.05","827.05","816.30","530.85K","-0.14%"
"28-01-2026","822.15","808.90","825.00","808.70","633.77K","1.78%"
"27-01-2026","807.80","804.90","810.00","797.65","960.99K","0.67%"
"23-01-2026","802.45","821.95","827.30","800.10","777.23K","-2.06%"
"22-01-2026","819.30","810.70","824.25","809.20","2.02M","1.20%"
"21-01-2026","809.55","808.95","813.80","802.55","1.13M","0.05%"
"20-01-2026","809.15","809.75","820.90","805.00","974.48K","-0.07%"
"19-01-2026","809.75","818.00","822.20","806.70","1.02M","-1.30%"
"16-01-2026","820.40","826.70","830.80","818.90","710.19K","-0.76%"
"14-01-2026","826.70","830.00","832.85","824.50","564.88K","-0.61%"
"13-01-2026","831.75","833.10","838.90","825.80","654.73K","-0.04%"
"12-01-2026","832.10","829.00","836.80","823.05","856.97K","0.37%"
"09-01-2026","829.00","838.00","842.40","826.50","1.12M","-1.05%"
"08-01-2026","837.80","850.10","851.30","835.10","860.55K","-1.66%"
"07-01-2026","851.95","850.05","854.45","845.55","881.42K","0.22%"
"06-01-2026","850.05","848.00","858.60","848.00","969.13K","0.45%"
"05-01-2026","846.20","858.50","863.60","843.70","2.08M","-1.70%"
"02-01-2026","860.85","853.20","862.00","851.20","577.78K","0.94%"
"01-01-2026","852.80","855.00","859.35","851.55","240.95K","-0.25%"
"31-12-2025","854.90","846.55","859.45","846.00","449.88K","0.67%"
"30-12-2025","849.25","841.20","850.35","838.60","1.08M","0.83%"
"29-12-2025","842.25","846.10","854.50","840.25","640.41K","-0.88%"
"26-12-2025","849.75","850.10","851.40","844.80","703.66K","-0.49%"
"24-12-2025","853.90","855.40","858.00","851.50","494.05K","-0.18%"
"23-12-2025","855.40","857.40","859.40","854.00","1.14M","-0.23%"
"22-12-2025","857.35","852.00","859.50","848.90","481.06K","0.63%"
"19-12-2025","852.00","847.40","853.25","845.90","743.94K","0.54%"
"18-12-2025","847.40","846.00","849.90","835.80","4.20M","0.34%"
"17-12-2025","844.55","859.00","859.05","843.10","705.55K","-1.16%"
"16-12-2025","854.50","860.00","860.00","850.30","1.26M","-0.28%"
"15-12-2025","856.90","864.00","866.15","855.50","760.01K","-1.23%"
"12-12-2025","867.60","865.00","870.00","861.25","513.68K","1.08%"
"11-12-2025","858.35","857.00","864.00","853.50","990.56K","-0.07%"
"10-12-2025","858.95","858.00","866.85","857.30","479.24K","-0.23%"
"09-12-2025","860.95","856.00","862.65","843.40","919.41K","0.40%"
"08-12-2025","857.55","871.00","874.05","853.55","1.31M","-1.42%"
"05-12-2025","869.90","875.00","876.90","866.00","1.08M","-0.77%"
"04-12-2025","876.65","871.80","877.55","868.50","611.04K","0.99%"
"03-12-2025","868.05","885.05","888.60","866.30","1.74M","-1.79%"
"02-12-2025","883.90","885.00","891.60","882.00","1.22M","0.20%"
"01-12-2025","882.10","896.95","899.85","880.15","1.07M","-1.38%"
"28-11-2025","894.45","900.00","902.95","893.25","1.04M","-0.64%"
"27-11-2025","900.25","896.00","902.00","891.25","1.69M","0.61%"
"26-11-2025","894.80","896.95","901.90","893.60","847.55K","-0.32%"
"25-11-2025","897.65","892.10","900.80","891.50","1.11M","0.29%"
"24-11-2025","895.05","902.40","904.20","888.20","1.14M","-0.81%"
"21-11-2025","902.40","909.00","910.00","899.25","1.65M","-0.65%"
"20-11-2025","908.30","915.00","919.95","906.05","1.30M","-0.63%"
"19-11-2025","914.05","915.50","921.00","910.50","923.86K","-0.16%"
"18-11-2025","915.50","915.35","920.60","906.60","1.29M","0.02%"
"17-11-2025","915.35","909.45","916.65","908.20","926.99K","0.65%"
"14-11-2025","909.45","900.00","910.75","897.60","830.41K","0.73%"
"13-11-2025","902.85","900.50","908.45","888.15","3.37M","0.30%"
"12-11-2025","900.15","903.15","909.80","898.15","2.49M","-0.05%"
"11-11-2025","900.60","904.00","904.85","895.05","2.03M","0.10%"
"10-11-2025","899.70","926.90","931.90","898.00","3.20M","-2.65%"
"07-11-2025","924.15","910.00","936.95","895.10","7.70M","3.13%"
"06-11-2025","896.10","902.10","906.65","892.25","1.20M","-1.06%"
"04-11-2025","905.70","925.00","925.00","902.10","1.97M","-1.54%"
"03-11-2025","919.90","894.70","923.00","894.70","2.97M","2.82%"
"31-10-2025","894.70","897.15","901.00","890.30","1.28M","-0.67%"
"30-10-2025","900.75","910.85","910.85","897.10","756.39K","-0.88%"
"29-10-2025","908.75","899.00","916.90","899.00","1.65M","0.98%"
"28-10-2025","899.90","897.65","920.60","895.55","2.52M","0.25%"
"27-10-2025","897.65","887.25","900.80","885.55","871.09K","0.90%"
"24-10-2025","889.65","902.70","903.00","885.00","567.66K","-1.14%"
"23-10-2025","899.95","893.00","904.90","893.00","1.45M","0.88%"
"21-10-2025","892.10","890.00","894.70","890.00","114.20K","0.03%"
"20-10-2025","891.85","888.00","897.70","886.85","373.50K","0.72%"
"17-10-2025","885.50","894.15","897.65","884.10","561.02K","-0.97%"
"16-10-2025","894.15","899.00","903.50","891.50","765.78K","-0.53%"
"15-10-2025","898.95","900.90","908.00","897.35","574.96K","-0.34%"
"14-10-2025","902.00","899.00","906.00","895.00","1.58M","0.53%"
"13-10-2025","897.25","892.10","902.10","890.10","538.87K","-0.06%"
"10-10-2025","897.80","895.00","907.40","891.30","815.59K","0.29%"
"09-10-2025","895.20","893.80","897.70","889.10","693.27K","0.16%"
"08-10-2025","893.80","911.00","912.55","890.15","1.27M","-2.03%"
"07-10-2025","912.35","907.15","920.60","907.10","1.19M","0.57%"
"06-10-2025","907.15","900.00","911.35","898.50","1.40M","0.21%"
"03-10-2025","905.25","904.10","912.80","900.70","891.71K","0.13%"
"01-10-2025","904.10","900.35","910.00","895.60","1.28M","0.42%"
"30-09-2025","900.35","897.00","907.00","892.65","1.08M","0.59%"
"29-09-2025","895.05","872.45","896.50","872.25","872.37K","2.59%"
"26-09-2025","872.45","887.60","887.60","870.55","499.92K","-1.77%"
"25-09-2025","888.20","890.50","898.25","884.00","1.07M","-0.68%"
"24-09-2025","894.25","897.65","902.10","892.35","553.36K","-0.38%"
"23-09-2025","897.65","904.45","908.65","896.45","2.45M","-0.76%"
"22-09-2025","904.50","893.55","913.80","893.00","2.59M","1.23%"
"19-09-2025","893.55","890.20","899.85","890.20","1.47M","0.47%"
"18-09-2025","889.40","889.05","892.95","886.75","646.30K","0.46%"
"17-09-2025","885.35","883.00","888.00","882.10","664.76K","0.32%"
"16-09-2025","882.55","882.00","889.00","878.55","877.03K","-0.13%"
"15-09-2025","883.70","876.00","885.95","875.15","1.11M","1.02%"
"12-09-2025","874.75","875.20","878.85","873.40","958.58K","-0.27%"
"11-09-2025","877.10","878.00","879.20","871.40","970.03K","-0.06%"
"10-09-2025","877.65","874.70","880.00","874.70","546.18K","0.34%"
"09-09-2025","874.70","875.00","879.90","872.55","583.07K","-0.21%"
"08-09-2025","876.55","878.90","882.20","871.60","484.89K","-0.09%"
"05-09-2025","877.35","879.65","882.25","865.20","990.25K","-0.09%"
"04-09-2025","878.10","910.00","910.00","873.35","2.69M","0.85%"
"03-09-2025","870.70","868.45","872.95","865.95","648.68K","0.76%"
"02-09-2025","864.15","863.35","868.85","856.00","500.85K","0.58%"
"01-09-2025","859.15","853.80","864.95","852.15","784.73K","0.82%"
"29-08-2025","852.15","868.90","870.30","850.10","926.24K","-2.00%"
"28-08-2025","869.50","887.00","889.60","866.00","903.33K","-2.12%"
"26-08-2025","888.35","891.25","894.50","885.05","1.03M","-0.64%"
"25-08-2025","894.05","891.00","895.65","887.50","621.63K","0.56%"
"22-08-2025","889.10","895.60","900.80","886.05","755.98K","-0.73%"
"21-08-2025","895.60","917.00","917.00","886.60","1.84M","-0.42%"
"20-08-2025","899.35","892.85","901.30","890.70","433.00K","0.56%"
"19-08-2025","894.30","891.00","896.30","883.00","1.16M","0.47%"
"18-08-2025","890.15","909.60","915.20","888.40","1.33M","0.27%"
"14-08-2025","887.75","890.00","894.60","885.00","761.94K","0.03%"
"13-08-2025","887.50","916.00","920.95","881.20","1.53M","-3.16%"
"12-08-2025","916.50","905.00","928.00","903.90","1.28M","1.12%"
"11-08-2025","906.35","914.00","916.80","892.10","1.32M","-0.72%"
"08-08-2025","912.95","905.00","927.10","904.00","4.53M","3.16%"
"07-08-2025","885.00","894.90","896.30","874.00","554.21K","-0.87%"
"06-08-2025","892.75","890.00","902.00","888.00","691.08K","0.06%"
"05-08-2025","892.25","890.00","899.10","890.00","454.68K","-0.34%"
"04-08-2025","895.30","880.05","897.50","878.00","818.70K","1.18%"
"01-08-2025","884.85","895.00","900.25","881.70","882.60K","-1.13%"
"31-07-2025","895.00","895.95","896.95","888.15","583.64K","-0.78%"
"30-07-2025","902.00","899.00","906.95","899.00","587.83K","0.33%"
"29-07-2025","899.05","888.95","902.95","886.65","530.16K","0.93%"
"28-07-2025","890.80","881.10","898.90","880.05","980.46K","0.45%"
"25-07-2025","886.85","910.00","910.00","882.10","1.22M","-3.29%"
"24-07-2025","917.00","922.00","925.35","910.05","481.85K","-0.54%"
"23-07-2025","922.00","922.50","925.45","914.70","625.34K","0.32%"
"22-07-2025","919.05","929.10","932.70","916.30","480.58K","-0.98%"
"21-07-2025","928.15","920.00","929.95","917.60","458.34K","0.54%"
"18-07-2025","923.15","928.25","932.85","920.30","311.22K","-0.55%"
"17-07-2025","928.25","933.00","935.75","927.00","402.40K","-0.47%"
"16-07-2025","932.65","927.50","933.65","925.20","538.37K","0.81%"
"15-07-2025","925.20","916.40","927.00","916.40","409.78K","0.96%"
"14-07-2025","916.40","920.60","921.70","912.00","843.16K","-0.65%"
"11-07-2025","922.40","926.55","933.95","920.50","602.07K","-0.45%"
"10-07-2025","926.55","937.00","941.95","921.00","1.99M","-2.06%"
"09-07-2025","946.00","946.85","953.00","944.55","482.38K","-0.09%"
"08-07-2025","946.85","943.70","949.05","940.90","540.49K","0.33%"
"07-07-2025","943.70","940.70","947.00","938.05","464.63K","0.32%"
"04-07-2025","940.70","945.00","953.85","934.00","787.03K","-0.56%"
"03-07-2025","946.00","958.00","961.50","944.90","913.79K","-1.25%"
"02-07-2025","958.00","967.00","970.95","952.80","721.32K","-1.33%"
"01-07-2025","970.95","977.00","977.90","962.55","904.58K","-0.19%"
"30-06-2025","972.80","957.70","980.00","957.20","2.44M","1.58%"
"27-06-2025","957.70","958.00","962.25","950.50","739.31K","0.02%"
"26-06-2025","957.55","951.10","959.20","946.30","1.40M","0.68%"
"25-06-2025","951.10","946.95","953.90","944.10","901.90K","0.58%"
"24-06-2025","945.65","948.30","954.90","943.00","1.24M","0.61%"
"23-06-2025","939.95","928.00","949.00","927.35","799.22K","0.36%"
"20-06-2025","936.55","927.80","942.00","924.15","878.91K","0.93%"
"19-06-2025","927.90","934.00","943.70","922.55","741.72K","-0.72%"
"18-06-2025","934.60","943.00","949.95","933.00","959.99K","-1.36%"
"17-06-2025","947.45","946.00","954.00","943.25","650.03K","-0.21%"
"16-06-2025","949.40","935.00","951.00","929.50","942.91K","1.22%"
"13-06-2025","937.95","933.00","943.05","921.20","1.02M","-0.61%"
"12-06-2025","943.70","964.80","964.95","942.00","1.01M","-2.19%"
"11-06-2025","964.80","950.00","968.50","947.75","2.05M","1.83%"
"10-06-2025","947.45","963.50","970.95","945.70","1.49M","-1.60%"
"09-06-2025","962.90","959.90","973.35","958.65","1.64M","0.32%"
"06-06-2025","959.85","955.65","960.95","951.80","1.05M","0.34%"
"05-06-2025","956.60","953.25","961.45","950.55","1.06M","0.35%"
"04-06-2025","953.25","954.60","957.40","946.90","1.33M","-0.04%"
"03-06-2025","953.65","961.00","968.20","950.00","1.36M","-0.91%"
"02-06-2025","962.40","954.00","966.45","946.40","2.57M","0.83%"
"30-05-2025","954.45","941.50","957.80","934.15","2.76M","1.06%"
"29-05-2025","944.45","943.50","954.65","929.00","4.63M","0.26%"
"28-05-2025","942.00","892.00","948.00","888.00","23.03M","8.12%"
"27-05-2025","871.25","873.00","873.00","861.50","1.43M","0.14%"
"26-05-2025","870.05","865.00","873.70","864.10","966.25K","1.14%"
"23-05-2025","860.25","853.00","862.80","847.00","845.82K","1.72%"
"22-05-2025","845.70","851.00","853.05","840.00","645.75K","-0.95%"
"21-05-2025","853.80","850.05","857.80","847.05","760.17K","0.36%"
"20-05-2025","850.70","856.00","873.00","847.65","1.40M","-0.51%"
"19-05-2025","855.05","857.00","865.65","853.30","1.05M","-0.23%"
"16-05-2025","857.00","843.00","861.80","839.05","2.00M","1.99%"
"15-05-2025","840.30","822.25","842.40","819.75","1.24M","2.20%"
"14-05-2025","822.20","826.40","839.70","820.40","1.20M","-0.51%"
"13-05-2025","826.40","815.50","832.00","812.95","1.19M","1.34%"
"12-05-2025","815.45","801.75","816.90","801.15","1.39M","3.62%"
"09-05-2025","786.95","760.00","789.40","760.00","1.11M","0.65%"
"08-05-2025","781.85","788.00","797.85","778.00","1.01M","-0.52%"
"07-05-2025","785.95","775.00","790.55","774.15","1.51M","0.20%"
"06-05-2025","784.35","817.45","819.70","782.35","1.27M","-4.05%"
"05-05-2025","817.45","793.20","820.80","793.20","1.17M","3.18%"
"02-05-2025","792.25","793.75","806.10","790.30","706.44K","-0.44%"
"30-04-2025","795.75","799.95","808.75","790.00","798.65K","-0.58%"
"29-04-2025","800.40","805.00","814.20","798.15","670.27K","-0.41%"
"28-04-2025","803.70","790.00","807.00","787.20","874.16K","1.58%"
"25-04-2025","791.20","819.00","829.00","787.70","1.20M","-2.93%"
"24-04-2025","815.10","816.50","824.50","812.80","535.85K","-0.68%"
"23-04-2025","820.65","823.00","826.95","809.05","942.63K","-0.09%"
"22-04-2025","821.40","820.00","827.40","813.65","793.71K","0.48%"
"21-04-2025","817.50","804.00","825.90","802.75","1.22M","1.78%"
"17-04-2025","803.20","799.95","806.75","792.35","957.52K","0.70%"
"16-04-2025","797.65","784.00","799.40","783.50","1.07M","1.70%"
"15-04-2025","784.30","779.00","787.35","777.50","673.65K","1.72%"
"11-04-2025","771.05","791.00","792.00","768.00","776.50K","0.44%"
"09-04-2025","767.70","781.05","782.00","767.00","524.96K","-2.18%"
"08-04-2025","784.80","783.00","786.00","771.10","594.84K","2.29%"
"07-04-2025","767.20","745.00","772.90","742.80","1.19M","-3.15%"
"04-04-2025","792.15","815.35","817.80","786.50","1.13M","-2.84%"
"03-04-2025","815.30","808.00","819.00","803.70","865.79K","0.54%"
"02-04-2025","810.95","798.00","812.40","787.00","1.41M","1.65%"
"01-04-2025","797.75","795.00","806.00","792.10","726.88K","-0.21%"
"28-03-2025","799.40","799.00","815.45","794.50","1.79M","-0.22%"
"27-03-2025","801.15","781.00","805.95","780.05","1.98M","1.82%"
"26-03-2025","786.85","793.05","798.35","785.05","1.21M","-0.32%"
"25-03-2025","789.40","806.30","806.30","785.55","1.21M","-1.39%"
"24-03-2025","800.55","794.80","807.95","789.00","1.52M","1.16%"
"21-03-2025","791.35","784.60","793.95","779.50","1.42M","1.52%"
"20-03-2025","779.50","775.00","782.55","770.00","1.23M","0.35%"
"19-03-2025","776.75","762.40","780.75","760.20","1.46M","2.55%"
"18-03-2025","757.40","748.85","759.00","747.55","1.55M","1.61%"
"17-03-2025","745.40","741.65","748.85","737.70","987.41K","0.71%"
"13-03-2025","740.15","745.00","751.90","734.60","1.31M","-0.58%"
"12-03-2025","744.50","760.00","761.65","731.40","1.08M","-1.29%"
"11-03-2025","754.25","745.10","761.00","742.60","1.24M","0.29%"
"10-03-2025","752.05","764.00","768.15","748.00","773.46K","-1.45%"
"07-03-2025","763.15","765.00","772.25","758.50","760.97K","-0.48%"
"06-03-2025","766.80","768.00","770.00","760.05","856.31K","0.66%"
"05-03-2025","761.80","735.70","763.00","735.70","1.13M","3.90%"
"04-03-2025","733.20","727.55","738.50","723.20","840.58K","0.55%"
"03-03-2025","729.20","741.00","748.20","715.30","1.58M","-1.53%"
"28-02-2025","740.50","738.95","743.00","727.55","1.66M","-0.08%"
"27-02-2025","741.10","757.00","759.00","739.40","1.20M","-2.04%"
"25-02-2025","756.55","771.05","778.15","754.10","1.07M","-2.43%"
"24-02-2025","775.40","775.00","780.00","771.05","614.44K","-0.70%"
"21-02-2025","780.90","776.50","785.70","774.20","965.65K","0.57%"
"20-02-2025","776.50","763.45","778.50","762.00","1.00M","1.64%"
"19-02-2025","764.00","754.05","771.85","746.15","855.16K","0.67%"
"18-02-2025","758.95","765.15","772.80","756.00","886.37K","-0.81%"
"17-02-2025","765.15","759.10","769.65","744.95","1.49M","0.80%"
"14-02-2025","759.10","786.00","788.35","755.05","1.54M","-3.27%"
"13-02-2025","784.80","780.00","793.85","780.00","911.51K","0.31%"
"12-02-2025","782.40","801.30","801.30","775.80","1.64M","-2.18%"
"11-02-2025","799.80","814.00","814.15","790.20","1.44M","-1.12%"
"10-02-2025","808.90","814.00","824.80","806.35","1.91M","-0.88%"
"07-02-2025","816.10","834.40","835.95","809.15","1.36M","-1.53%"
"06-02-2025","828.80","842.65","844.00","826.80","614.80K","-1.64%"
"05-02-2025","842.65","837.00","848.80","833.85","839.05K","0.98%"
"04-02-2025","834.50","835.00","839.45","830.60","587.33K","0.52%"
"03-02-2025","830.15","844.00","844.00","820.10","948.97K","-2.13%"
"01-02-2025","848.20","846.00","869.40","824.20","1.89M","0.33%"
"31-01-2025","845.45","827.00","846.45","824.20","885.92K","2.49%"
"30-01-2025","824.90","830.00","836.65","820.10","759.28K","-0.40%"
"29-01-2025","828.20","824.40","835.55","820.25","939.22K","1.17%"
"28-01-2025","818.65","816.15","825.95","805.00","1.27M","1.19%"
"27-01-2025","809.05","820.60","821.00","807.45","711.01K","-1.49%"
"24-01-2025","821.25","839.50","839.90","820.00","529.52K","-1.91%"
"23-01-2025","837.25","828.50","840.90","824.50","713.32K","1.05%"
"22-01-2025","828.55","841.70","843.45","818.70","925.30K","-1.07%"
"21-01-2025","837.55","860.00","863.80","835.50","822.67K","-2.50%"
"20-01-2025","859.00","859.90","865.00","855.00","648.05K","0.48%"
"17-01-2025","854.90","845.90","858.95","844.55","772.59K","1.25%"
"16-01-2025","844.35","837.20","856.00","837.20","1.50M","0.99%"
"15-01-2025","836.05","833.00","838.00","818.50","984.16K","1.29%"
"14-01-2025","825.40","815.00","827.75","806.85","879.74K","2.03%"
"13-01-2025","808.95","830.00","836.85","807.50","1.72M","-3.64%"
"10-01-2025","839.50","845.00","852.00","835.85","1.10M","-0.43%"
"09-01-2025","843.10","872.00","873.90","839.70","1.49M","-2.97%"
"08-01-2025","868.90","877.00","878.85","867.50","762.53K","-0.86%"
"07-01-2025","876.40","877.90","885.00","861.15","1.32M","0.06%"
"06-01-2025","875.85","908.40","909.90","872.10","1.06M","-3.58%"
"03-01-2025","908.40","904.00","917.90","902.35","889.03K","0.67%"
"02-01-2025","902.35","898.00","904.50","896.05","601.07K","0.66%"
"01-01-2025","896.40","896.00","898.30","890.00","524.73K","0.49%"
"31-12-2024","892.00","903.00","903.00","883.10","1.28M","-1.48%"
"30-12-2024","905.40","891.75","928.90","878.45","3.19M","2.07%"
"27-12-2024","887.00","893.00","899.90","885.50","592.24K","-0.55%"
"26-12-2024","891.90","890.65","895.00","885.15","766.95K","0.14%"
"24-12-2024","890.65","904.70","904.80","890.00","980.63K","-1.56%"
"23-12-2024","904.80","902.50","906.90","892.60","1.95M","0.34%"
"20-12-2024","901.70","905.70","914.90","895.35","1.40M","-0.37%"
"19-12-2024","905.05","895.00","908.00","890.55","1.43M","-0.15%"
"18-12-2024","906.45","920.00","924.50","905.00","1.20M","-1.48%"
"17-12-2024","920.05","931.40","934.80","918.00","1.02M","-0.42%"
"16-12-2024","923.90","935.00","936.50","923.00","709.53K","-0.86%"
"13-12-2024","931.90","928.90","934.00","913.55","1.28M","0.37%"
"12-12-2024","928.50","939.00","944.00","926.55","1.23M","-1.10%"
"11-12-2024","938.80","948.20","952.00","937.15","1.22M","-0.99%"
"10-12-2024","948.20","979.00","979.00","945.50","3.67M","-3.87%"
"09-12-2024","986.35","987.65","1,007.80","981.85","2.05M","0.32%"
"06-12-2024","983.25","977.90","992.95","975.20","1.33M","0.65%"
"05-12-2024","976.90","978.00","981.00","966.25","1.21M","0.57%"
"04-12-2024","971.35","970.00","982.00","967.60","1.04M","0.16%"
"03-12-2024","969.75","990.00","995.00","966.20","1.66M","-1.43%"
"02-12-2024","983.80","985.00","999.95","974.35","1.98M","-0.17%"
"29-11-2024","985.50","947.00","992.15","945.00","7.40M","5.00%"
"28-11-2024","938.60","920.00","952.50","917.25","2.79M","2.43%"
"27-11-2024","916.30","910.00","917.50","906.00","779.48K","1.00%"
"26-11-2024","907.20","905.05","919.80","900.00","873.56K","0.24%"
"25-11-2024","905.05","905.95","911.75","902.60","1.12M","1.75%"
"22-11-2024","889.50","884.00","895.00","879.00","947.17K","0.86%"
"21-11-2024","881.95","894.00","898.95","872.00","1.65M","-1.64%"
"19-11-2024","896.65","910.00","916.65","894.00","778.49K","-0.57%"
"18-11-2024","901.75","908.65","916.95","900.00","667.39K","-0.76%"
"14-11-2024","908.65","905.00","924.50","895.60","1.22M","1.20%"
"13-11-2024","897.90","922.00","924.90","890.05","1.33M","-2.52%"
"12-11-2024","921.15","930.50","958.00","918.00","2.26M","0.29%"
"11-11-2024","918.45","920.00","933.70","909.00","1.24M","0.42%"
"08-11-2024","914.65","931.00","934.85","911.90","717.69K","-1.62%"
"07-11-2024","929.70","945.00","954.00","927.15","816.99K","-1.65%"
"06-11-2024","945.25","930.00","947.80","924.15","1.03M","1.79%"
"05-11-2024","928.65","925.00","930.35","915.80","834.58K","0.53%"
"04-11-2024","923.75","934.00","936.40","911.25","614.86K","-0.71%"
"01-11-2024","930.35","926.90","932.00","925.30","153.30K","0.79%"
"31-10-2024","923.05","933.00","939.50","920.00","634.50K","-1.27%"
"30-10-2024","934.95","937.85","947.45","930.05","683.46K","0.06%"
"29-10-2024","934.40","920.10","937.15","915.80","1.05M","2.08%"
"28-10-2024","915.40","909.35","923.65","896.65","1.06M","1.30%"
"25-10-2024","903.65","910.10","918.00","888.30","1.27M","-0.96%"
"24-10-2024","912.40","906.00","924.00","906.00","911.59K","0.32%"
"23-10-2024","909.45","919.85","924.90","895.15","1.05M","-0.66%"
"22-10-2024","915.50","926.00","933.30","909.25","1.40M","-1.17%"
"21-10-2024","926.30","945.00","952.90","922.10","767.52K","-0.92%"
"18-10-2024","934.90","930.00","941.95","925.30","707.64K","0.19%"
"17-10-2024","933.10","942.95","949.90","931.00","731.90K","-1.04%"
"16-10-2024","942.95","947.85","955.00","941.25","976.57K","-0.52%"
"15-10-2024","947.85","963.00","965.00","943.30","1.20M","-1.21%"
"14-10-2024","959.50","958.30","965.95","954.75","655.78K","1.12%"
"11-10-2024","948.85","967.45","971.90","947.25","957.90K","-1.69%"
"10-10-2024","965.15","974.00","979.20","962.05","600.67K","-0.60%"
"09-10-2024","970.95","971.00","977.25","964.00","857.90K","0.68%"
"08-10-2024","964.40","931.00","967.45","923.10","3.02M","3.59%"
"07-10-2024","931.00","971.00","977.00","924.15","3.41M","-4.13%"
"04-10-2024","971.15","973.00","982.80","955.70","1.35M","0.39%"
"03-10-2024","967.35","990.00","994.85","964.25","1.96M","-3.27%"
"01-10-2024","1,000.05","1,008.35","1,012.40","999.00","1.15M","-0.69%"
"30-09-2024","1,006.95","1,022.00","1,022.00","1,003.10","1.43M","-1.69%"
"27-09-2024","1,024.25","1,033.20","1,033.20","1,020.40","1.20M","-0.37%"
"26-09-2024","1,028.05","1,024.00","1,048.90","1,010.50","2.65M","0.89%"
"25-09-2024","1,019.00","1,026.95","1,032.45","1,013.10","979.78K","-0.89%"
"24-09-2024","1,028.20","1,032.85","1,043.45","1,025.25","922.73K","-0.45%"
"23-09-2024","1,032.85","1,012.95","1,037.45","1,012.15","1.34M","2.23%"
"20-09-2024","1,010.35","1,008.00","1,024.45","1,002.50","1.55M","0.98%"
"19-09-2024","1,000.55","1,023.00","1,029.55","991.00","1.38M","-1.77%"
"18-09-2024","1,018.60","1,021.00","1,034.45","1,016.00","708.75K","-0.25%"
"17-09-2024","1,021.20","1,029.95","1,029.95","1,020.00","502.81K","-0.68%"
"16-09-2024","1,028.15","1,039.00","1,041.65","1,026.05","927.73K","-0.58%"
"13-09-2024","1,034.15","1,035.00","1,046.00","1,028.70","870.82K","0.25%"
"12-09-2024","1,031.60","1,019.90","1,034.90","1,018.95","836.62K","1.77%"
"11-09-2024","1,013.70","1,033.00","1,036.85","1,004.85","973.76K","-1.79%"
"10-09-2024","1,032.15","1,034.00","1,045.00","1,030.00","749.98K","0.28%"
"09-09-2024","1,029.30","1,038.90","1,044.90","1,020.00","1.43M","-0.92%"
"06-09-2024","1,038.90","1,065.00","1,072.00","1,035.00","1.37M","-2.84%"
"05-09-2024","1,069.30","1,064.00","1,079.95","1,058.30","1.02M","0.43%"
"04-09-2024","1,064.75","1,055.10","1,069.90","1,050.60","978.47K","0.23%"
"03-09-2024","1,062.30","1,064.00","1,068.80","1,054.45","857.61K","0.35%"
"02-09-2024","1,058.60","1,065.50","1,070.25","1,055.75","857.17K","-0.53%"
"30-08-2024","1,064.25","1,070.00","1,078.50","1,061.00","933.55K","-0.43%"
"29-08-2024","1,068.85","1,088.00","1,088.00","1,061.00","1.52M","-1.44%"
"28-08-2024","1,084.50","1,080.45","1,095.00","1,073.00","1.48M","0.50%"
"27-08-2024","1,079.15","1,061.90","1,090.00","1,045.00","3.12M","2.58%"
"26-08-2024","1,052.05","1,065.00","1,073.75","1,049.70","1.16M","-0.88%"
"23-08-2024","1,061.35","1,080.30","1,080.30","1,059.00","922.49K","-1.32%"
"22-08-2024","1,075.50","1,092.00","1,092.00","1,072.50","1.02M","-0.80%"
"21-08-2024","1,084.15","1,069.90","1,086.75","1,065.00","1.38M","1.52%"
"20-08-2024","1,067.95","1,074.95","1,082.00","1,065.55","1.15M","-0.41%"
"19-08-2024","1,072.35","1,059.65","1,075.00","1,056.65","1.78M","1.42%"
"16-08-2024","1,057.30","1,040.00","1,065.00","1,037.30","2.61M","2.92%"
"14-08-2024","1,027.30","1,042.50","1,044.00","1,003.75","3.38M","-0.13%"
"13-08-2024","1,028.60","1,086.00","1,089.90","1,020.10","3.78M","-4.26%"
"12-08-2024","1,074.35","1,125.00","1,130.30","1,071.10","5.94M","-5.21%"
"09-08-2024","1,133.45","1,155.00","1,160.00","1,128.95","3.60M","0.70%"
"08-08-2024","1,125.60","1,126.00","1,148.40","1,118.90","2.62M","0.18%"
"07-08-2024","1,123.55","1,115.00","1,127.80","1,084.75","2.49M","4.08%"
"06-08-2024","1,079.55","1,120.00","1,136.90","1,076.20","3.34M","-2.54%"
"05-08-2024","1,107.65","1,154.00","1,154.00","1,087.00","5.88M","-6.10%"
"02-08-2024","1,179.55","1,172.05","1,191.00","1,160.00","3.06M","0.03%"
"01-08-2024","1,179.15","1,183.15","1,222.00","1,176.05","6.94M","0.26%"
"31-07-2024","1,176.10","1,188.10","1,193.50","1,168.85","3.13M","-1.01%"
"30-07-2024","1,188.10","1,173.60","1,192.45","1,163.80","3.01M","1.24%"
"29-07-2024","1,173.60","1,194.65","1,197.00","1,165.30","3.02M","-0.91%"
"26-07-2024","1,184.35","1,165.00","1,197.00","1,151.05","7.73M","2.02%"
"25-07-2024","1,160.90","1,140.00","1,173.00","1,130.00","5.53M","0.03%"
"24-07-2024","1,160.55","1,090.00","1,170.00","1,088.15","7.85M","6.80%"
"23-07-2024","1,086.65","1,130.45","1,143.70","1,044.50","6.56M","-3.30%"
"22-07-2024","1,123.70","1,100.00","1,146.40","1,090.00","6.77M","1.39%"
"19-07-2024","1,108.25","1,106.00","1,118.70","1,063.35","5.58M","-0.13%"
"18-07-2024","1,109.65","1,109.00","1,130.00","1,088.30","7.48M","0.11%"
"16-07-2024","1,108.45","1,065.00","1,117.80","1,058.20","14.19M","4.54%"
"15-07-2024","1,060.30","1,055.00","1,067.00","1,038.60","2.97M","0.83%"
"12-07-2024","1,051.55","1,065.00","1,065.95","1,045.60","2.66M","-0.55%"
"11-07-2024","1,057.35","1,052.95","1,062.90","1,039.20","3.41M","0.75%"
"10-07-2024","1,049.50","1,032.95","1,062.00","1,016.00","7.42M","1.66%"
"09-07-2024","1,032.35","1,014.50","1,042.00","1,008.20","6.94M","1.87%"
"08-07-2024","1,013.35","1,017.00","1,026.40","999.10","2.36M","-0.23%"
"05-07-2024","1,015.65","1,010.20","1,024.20","1,003.80","2.33M","0.54%"
"04-07-2024","1,010.20","991.00","1,024.50","991.00","3.90M","2.23%"
"03-07-2024","988.20","985.45","993.40","985.45","1.13M","0.28%"
"02-07-2024","985.45","998.00","999.70","982.20","1.54M","-1.09%"
"01-07-2024","996.35","995.00","1,006.10","990.10","1.80M","0.77%"
"28-06-2024","988.75","998.00","1,014.00","985.20","2.73M","-0.30%"
"27-06-2024","991.75","1,003.55","1,017.40","988.05","2.52M","-0.96%"
"26-06-2024","1,001.40","1,008.00","1,023.80","999.20","1.85M","-0.62%"
"25-06-2024","1,007.65","1,023.00","1,023.25","1,005.75","1.27M","-0.77%"
"24-06-2024","1,015.45","1,018.75","1,028.30","1,005.00","1.52M","-0.83%"
"21-06-2024","1,023.95","1,031.40","1,045.80","1,015.05","2.49M","-0.34%"
"20-06-2024","1,027.40","1,033.45","1,041.00","1,025.00","1.93M","-0.40%"
"19-06-2024","1,031.50","1,061.00","1,063.85","1,023.45","3.18M","-2.37%"
"18-06-2024","1,056.50","1,066.85","1,085.00","1,051.40","4.28M","-0.97%"
"14-06-2024","1,066.85","1,005.80","1,071.70","1,002.45","12.50M","6.44%"
"13-06-2024","1,002.30","1,004.00","1,013.45","995.50","1.57M","0.39%"
"12-06-2024","998.45","1,010.00","1,016.80","996.05","2.32M","-0.82%"
"11-06-2024","1,006.70","999.00","1,020.95","992.10","2.97M","0.93%"
"10-06-2024","997.40","1,001.00","1,007.95","992.00","2.21M","0.32%"
"07-06-2024","994.20","983.00","997.75","976.45","2.20M","1.37%"
"06-06-2024","980.80","954.80","993.85","954.40","3.55M","4.19%"
"05-06-2024","941.40","946.00","948.00","901.00","3.84M","1.46%"
"04-06-2024","927.85","1,052.00","1,052.00","880.05","11.53M","-13.09%"
"03-06-2024","1,067.65","1,058.35","1,078.80","1,032.25","8.68M","5.43%"
"31-05-2024","1,012.70","997.95","1,018.00","992.75","3.43M","1.95%"
"30-05-2024","993.30","996.50","1,008.00","989.00","1.86M","-0.50%"
"29-05-2024","998.30","1,010.00","1,024.40","993.00","2.72M","-1.74%"
"28-05-2024","1,016.00","1,054.70","1,062.45","1,011.65","6.53M","-1.94%"
"27-05-2024","1,036.05","1,035.00","1,054.00","1,024.05","3.17M","0.61%"
"24-05-2024","1,029.75","1,033.00","1,052.30","1,013.35","3.75M","-0.14%"
"23-05-2024","1,031.20","1,056.00","1,059.00","1,028.50","2.39M","-2.30%"
"22-05-2024","1,055.45","1,031.00","1,066.75","1,031.00","7.66M","3.10%"
"21-05-2024","1,023.70","977.05","1,033.80","975.00","6.32M","5.06%"
"18-05-2024","974.40","974.40","974.40","974.40","","0.41%"
"17-05-2024","970.40","974.70","979.00","965.20","1.52M","-0.32%"
"16-05-2024","973.50","1,000.00","1,000.95","967.20","2.29M","-1.67%"
"15-05-2024","990.00","934.00","999.35","932.55","7.64M","6.34%"
"14-05-2024","931.00","896.65","936.35","896.00","1.92M","4.41%"
"13-05-2024","891.70","910.90","912.65","888.60","2.07M","-2.11%"
"10-05-2024","910.95","920.00","934.90","902.15","2.85M","0.98%"
"09-05-2024","902.15","931.95","934.20","898.70","1.51M","-2.98%"
"08-05-2024","929.85","923.00","936.95","920.60","1.32M","0.89%"
"07-05-2024","921.65","938.00","946.00","912.25","2.15M","-1.32%"
"06-05-2024","934.00","982.80","984.90","929.65","3.71M","-4.61%"
"03-05-2024","979.15","1,003.80","1,004.00","970.55","2.21M","-2.00%"
"02-05-2024","999.15","982.90","1,009.80","980.70","4.96M","2.14%"
"30-04-2024","978.25","985.15","991.00","975.55","1.88M","-0.20%"
"29-04-2024","980.20","994.00","994.00","977.60","2.00M","-0.79%"
"26-04-2024","988.05","989.00","1,005.50","982.00","3.36M","0.36%"
"25-04-2024","984.50","995.00","995.20","979.45","1.75M","-0.63%"
"24-04-2024","990.75","991.95","1,010.00","988.45","2.49M","0.47%"
"23-04-2024","986.10","979.45","1,008.70","977.00","4.96M","1.18%"
"22-04-2024","974.60","978.60","983.80","972.00","1.31M","0.13%"
"19-04-2024","973.30","952.85","977.00","948.65","2.27M","1.27%"
"18-04-2024","961.05","980.05","986.00","958.00","1.94M","-1.52%"
"16-04-2024","975.90","954.95","984.30","944.40","2.23M","1.49%"
"15-04-2024","961.55","956.05","974.00","932.05","2.95M","-0.97%"
"12-04-2024","970.95","976.00","981.95","968.00","1.85M","-0.61%"
"10-04-2024","976.95","982.80","989.80","974.00","2.41M","-0.23%"
"09-04-2024","979.25","997.30","1,014.90","974.30","3.35M","-1.75%"
"08-04-2024","996.70","998.00","1,007.00","993.05","1.51M","0.40%"
"05-04-2024","992.75","1,006.00","1,011.60","990.05","2.43M","-1.37%"
"04-04-2024","1,006.55","1,003.80","1,016.35","991.95","3.20M","0.88%"
"03-04-2024","997.75","995.00","1,016.00","990.00","4.11M","-0.07%"
"02-04-2024","998.40","972.65","1,001.80","961.30","5.92M","2.86%"
"01-04-2024","970.60","925.00","984.45","924.00","4.86M","5.94%"
"28-03-2024","916.15","902.65","928.00","901.75","4.19M","2.65%"
"27-03-2024","892.50","900.95","913.00","888.95","7.79M","-0.55%"
"26-03-2024","897.45","909.10","918.00","892.20","3.88M","-0.98%"
"22-03-2024","906.35","905.00","909.00","888.50","4.90M","0.50%"
"21-03-2024","901.80","882.00","909.55","877.50","6.29M","4.03%"
"20-03-2024","866.90","885.90","894.80","865.00","4.00M","-1.44%"
"19-03-2024","879.55","905.00","918.75","875.65","4.24M","-2.75%"
"18-03-2024","904.40","916.50","934.00","902.00","3.77M","-2.24%"
"15-03-2024","925.15","957.00","969.70","918.95","3.56M","-3.48%"
"14-03-2024","958.50","910.00","962.35","901.05","4.96M","5.36%"
"13-03-2024","909.75","990.45","994.95","900.00","6.43M","-7.76%"
"12-03-2024","986.25","1,016.90","1,018.90","980.55","2.88M","-2.53%"
"11-03-2024","1,011.90","1,035.00","1,045.00","1,006.05","2.78M","-1.26%"
"07-03-2024","1,024.80","1,012.00","1,034.00","1,007.00","1.82M","1.44%"
"06-03-2024","1,010.30","1,030.00","1,034.95","998.25","2.54M","-1.65%"
"05-03-2024","1,027.25","1,037.40","1,045.85","1,023.90","2.02M","-0.93%"
"04-03-2024","1,036.90","1,037.00","1,049.00","1,021.20","2.45M","0.06%"
"02-03-2024","1,036.25","1,033.25","1,039.90","1,029.00","326.70K","0.64%"
"01-03-2024","1,029.70","1,027.20","1,040.95","1,025.10","2.09M","0.67%"
"29-02-2024","1,022.80","1,012.00","1,027.00","997.10","3.01M","1.57%"
"28-02-2024","1,006.95","1,046.20","1,052.90","1,003.80","3.57M","-3.20%"
"27-02-2024","1,040.20","1,044.00","1,068.00","1,037.10","3.77M","-0.09%"
"26-02-2024","1,041.15","1,066.50","1,075.70","1,036.40","2.96M","-2.38%"
"23-02-2024","1,066.50","1,062.05","1,082.00","1,048.05","4.33M","0.20%"
"22-02-2024","1,064.40","1,041.45","1,070.00","1,032.05","5.13M","2.39%"
"21-02-2024","1,039.55","1,044.00","1,054.75","1,027.70","3.93M","-0.25%"
"20-02-2024","1,042.15","1,055.00","1,056.40","1,036.05","3.17M","-0.96%"
"19-02-2024","1,052.20","1,080.00","1,092.00","1,050.00","6.83M","1.19%"
"16-02-2024","1,039.85","1,062.00","1,067.55","1,030.10","5.40M","-1.54%"
"15-02-2024","1,056.10","1,082.00","1,086.90","1,049.05","5.01M","-1.35%"
"14-02-2024","1,070.50","1,000.00","1,078.50","990.00","9.36M","5.84%"
"13-02-2024","1,011.45","1,029.75","1,043.30","979.95","8.47M","-1.08%"
"12-02-2024","1,022.45","1,112.05","1,125.00","1,010.10","11.74M","-5.40%"
"09-02-2024","1,080.85","1,152.00","1,175.00","1,067.00","21.55M","-2.21%"
"08-02-2024","1,105.25","1,073.90","1,145.00","1,071.00","22.87M","5.82%"
"07-02-2024","1,044.45","1,031.05","1,050.00","1,014.10","7.35M","1.81%"
"06-02-2024","1,025.85","1,014.05","1,033.00","990.25","7.37M","2.70%"
"05-02-2024","998.85","956.50","1,028.00","955.00","17.22M","5.65%"
"02-02-2024","945.45","942.85","955.15","937.00","4.53M","0.90%"
"01-02-2024","937.00","956.90","964.00","926.00","3.46M","-1.34%"
"31-01-2024","949.75","938.15","971.90","936.75","7.73M","1.81%"
"30-01-2024","932.90","922.50","955.00","917.55","9.71M","1.89%"
"29-01-2024","915.60","910.00","931.90","903.60","3.79M","1.34%"
"25-01-2024","903.50","915.00","923.90","899.10","2.63M","-0.41%"
"24-01-2024","907.20","878.20","924.00","866.00","3.50M","3.65%"
"23-01-2024","875.25","943.95","950.05","869.20","5.30M","-7.14%"
"20-01-2024","942.50","907.90","948.00","907.00","7.49M","4.50%"
"19-01-2024","901.90","909.00","915.00","898.00","3.33M","0.08%"
"18-01-2024","901.20","890.00","907.00","867.05","4.55M","1.54%"
"17-01-2024","887.50","882.00","918.45","874.00","9.02M","-0.57%"
"16-01-2024","892.55","856.00","900.00","850.00","12.53M","4.42%"
"15-01-2024","854.80","847.00","862.40","841.95","4.45M","3.07%"
"12-01-2024","829.30","830.00","838.00","827.00","1.80M","-0.56%"
"11-01-2024","834.00","841.00","850.00","831.00","1.58M","-0.55%"
"10-01-2024","838.60","835.00","850.95","835.00","2.64M","0.74%"
"09-01-2024","832.45","829.10","837.85","828.50","1.41M","1.04%"
"08-01-2024","823.85","845.00","848.90","819.30","2.27M","-2.43%"
"05-01-2024","844.40","836.60","860.95","836.60","4.19M","1.10%"
"04-01-2024","835.25","837.00","845.90","833.00","2.02M","-0.42%"
"03-01-2024","838.75","837.70","853.30","836.10","3.68M","0.13%"
"02-01-2024","837.70","853.80","856.90","836.00","3.67M","-2.45%"
"01-01-2024","858.75","831.50","864.00","831.00","6.42M","3.15%"
"29-12-2023","832.50","827.55","843.90","822.60","4.20M","0.68%"
"28-12-2023","826.90","822.00","836.75","806.60","7.40M","0.67%"
"27-12-2023","821.40","785.00","825.95","784.05","10.66M","5.13%"
"26-12-2023","781.30","795.00","798.60","780.00","1.91M","-1.45%"
"22-12-2023","792.80","807.00","821.00","788.85","10.84M","3.70%"
"21-12-2023","764.50","752.85","768.85","746.30","2.87M","0.43%"
"20-12-2023","761.25","798.00","809.50","755.10","2.90M","-4.13%"
"19-12-2023","794.05","803.25","806.70","792.00","1.40M","-0.95%"
"18-12-2023","801.65","798.00","810.90","793.45","2.17M","0.69%"
"15-12-2023","796.15","816.00","818.90","792.00","2.96M","-2.34%"
"14-12-2023","815.25","811.00","820.00","807.20","4.01M","1.27%"
"13-12-2023","805.05","795.50","810.75","795.50","5.97M","1.68%"
"12-12-2023","791.75","770.00","799.00","770.00","5.82M","2.70%"
"11-12-2023","770.95","775.00","783.65","768.00","2.16M","-0.19%"
"08-12-2023","772.45","790.00","803.40","770.00","6.93M","-1.66%"
"07-12-2023","785.45","747.90","800.00","736.90","15.60M","5.29%"
"06-12-2023","746.00","719.95","750.80","714.00","9.60M","4.47%"
"05-12-2023","714.05","720.00","726.90","702.60","5.08M","-0.69%"
"04-12-2023","719.00","680.00","727.70","680.00","13.41M","7.17%"
"01-12-2023","670.90","685.00","687.40","667.15","1.62M","-1.27%"
"30-11-2023","679.50","682.00","699.00","677.00","4.31M","-0.21%"
"29-11-2023","680.90","677.00","692.00","672.05","3.50M","0.98%"
"28-11-2023","674.30","681.00","694.50","671.10","8.03M","-0.49%"
"24-11-2023","677.65","620.95","682.00","620.55","19.00M","9.71%"
"23-11-2023","617.70","609.25","628.00","608.00","736.05K","1.47%"
"22-11-2023","608.75","611.00","613.15","607.70","600.95K","-0.35%"
"21-11-2023","610.90","613.00","615.70","610.00","718.57K","-0.18%"
"20-11-2023","612.00","614.65","615.80","609.95","502.41K","-0.43%"
"17-11-2023","614.65","609.30","618.80","608.75","1.18M","0.88%"
"16-11-2023","609.30","607.85","612.90","604.25","1.37M","0.41%"
"15-11-2023","606.80","607.20","611.00","606.10","840.60K","0.21%"
"13-11-2023","605.55","605.00","606.50","598.25","1.08M","-0.38%"
"12-11-2023","607.85","609.50","610.00","607.15","453.71K","-0.39%"
"10-11-2023","610.25","614.25","619.60","608.10","671.91K","-0.74%"
"09-11-2023","614.80","614.00","617.20","613.40","393.63K","0.24%"
"08-11-2023","613.35","612.00","615.55","611.00","744.28K","0.42%"
"07-11-2023","610.80","612.00","613.90","610.15","453.74K","-0.10%"
"06-11-2023","611.40","609.90","613.90","609.50","580.13K","0.55%"
"03-11-2023","608.05","608.00","610.30","607.00","418.85K","0.30%"
"02-11-2023","606.25","603.80","609.05","602.30","741.95K","1.04%"
"01-11-2023","600.00","603.85","607.85","599.00","549.72K","-0.37%"
"31-10-2023","602.25","606.50","609.55","600.20","536.47K","-0.32%"
"30-10-2023","604.20","606.60","609.15","602.65","465.62K","-0.40%"
"27-10-2023","606.65","608.00","612.75","606.10","617.53K","0.27%"
"26-10-2023","605.00","609.85","612.50","597.35","1.08M","-0.99%"
"25-10-2023","611.05","620.00","623.60","608.55","1.09M","-1.04%"
"23-10-2023","617.45","634.95","636.70","615.15","1.11M","-2.76%"
"20-10-2023","634.95","634.45","637.80","633.80","654.22K","0.04%"
"19-10-2023","634.70","634.50","641.00","632.60","657.46K","-0.30%"
"18-10-2023","636.60","649.20","651.00","634.50","875.56K","-1.94%"
"17-10-2023","649.20","639.35","651.85","639.25","1.10M","1.89%"
"16-10-2023","637.15","634.65","640.70","634.65","1.14M","0.39%"
"13-10-2023","634.65","636.00","639.00","634.00","615.66K","-0.42%"
"12-10-2023","637.30","638.00","644.20","636.20","1.33M","-0.01%"
"11-10-2023","637.35","638.10","642.00","636.60","653.92K","0.29%"
"10-10-2023","635.50","635.35","640.95","634.70","481.42K","0.03%"
"09-10-2023","635.30","639.20","639.25","630.10","718.56K","-1.40%"
"06-10-2023","644.35","638.05","646.00","638.05","626.62K","1.03%"
"05-10-2023","637.75","639.10","642.00","636.50","396.16K","0.05%"
"04-10-2023","637.45","643.00","644.00","634.05","694.55K","-1.22%"
"03-10-2023","645.35","648.10","649.55","644.50","470.22K","-0.68%"
"29-09-2023","649.75","650.30","652.85","646.85","873.34K","-0.08%"
"28-09-2023","650.30","646.00","652.00","643.05","923.77K","0.83%"
"27-09-2023","644.95","645.00","649.85","644.00","531.46K","0.00%"
"26-09-2023","644.95","647.85","649.85","644.00","414.74K","-0.26%"
"25-09-2023","646.65","650.00","653.00","645.50","651.99K","-0.71%"
"22-09-2023","651.30","655.95","659.80","649.00","695.54K","-0.50%"
"21-09-2023","654.55","655.45","659.55","654.00","652.80K","-0.17%"
"20-09-2023","655.65","660.00","665.85","653.10","1.07M","-1.21%"
"18-09-2023","663.70","667.50","671.80","661.70","732.80K","-0.57%"
"15-09-2023","667.50","662.55","671.30","658.60","1.74M","1.01%"
"14-09-2023","660.80","662.95","666.00","659.40","847.93K","0.23%"
"13-09-2023","659.30","660.05","666.95","654.55","890.10K","-0.05%"
"12-09-2023","659.65","683.40","683.40","658.45","1.59M","-2.86%"
"11-09-2023","679.05","677.65","684.90","675.95","1.59M","0.73%"
"08-09-2023","674.15","684.00","684.80","673.20","1.58M","-0.29%"
"07-09-2023","676.10","680.20","686.80","674.60","1.68M","-0.28%"
"06-09-2023","678.00","661.85","691.00","661.15","5.68M","2.73%"
"05-09-2023","660.00","660.00","669.05","659.10","1.88M","0.21%"
"04-09-2023","658.60","647.00","664.00","647.00","2.49M","1.99%"
"01-09-2023","645.75","645.30","649.40","645.05","793.49K","0.07%"
"31-08-2023","645.30","651.35","655.45","643.05","710.41K","-0.88%"
"30-08-2023","651.05","654.00","655.85","650.25","574.59K","-0.13%"
"29-08-2023","651.90","655.20","660.50","650.50","489.63K","-0.50%"
"28-08-2023","655.20","649.75","657.45","649.15","731.46K","1.06%"
"25-08-2023","648.35","654.00","657.80","645.00","698.91K","-1.09%"
"24-08-2023","655.50","660.65","666.15","654.00","606.67K","-0.48%"
"23-08-2023","658.65","665.70","667.90","658.00","813.34K","-0.79%"
"22-08-2023","663.90","653.80","667.05","652.15","1.79M","1.80%"
"21-08-2023","652.15","651.10","655.85","650.50","566.99K","0.21%"
"18-08-2023","650.80","659.40","661.00","650.00","752.48K","-1.34%"
"17-08-2023","659.65","650.45","662.00","650.00","1.19M","1.60%"
"16-08-2023","649.25","654.50","654.50","648.35","701.54K","-1.00%"
"14-08-2023","655.80","660.00","661.35","648.05","1.22M","-0.61%"
"11-08-2023","659.85","666.00","679.00","655.10","5.25M","2.83%"
"10-08-2023","641.70","645.50","649.00","639.70","634.42K","-0.35%"
"09-08-2023","643.95","645.30","647.00","641.00","672.75K","0.05%"
"08-08-2023","643.65","655.95","659.15","640.55","1.16M","-1.82%"
"07-08-2023","655.55","659.10","664.90","653.05","1.11M","-0.45%"
"04-08-2023","658.50","646.15","665.00","646.15","2.59M","2.16%"
"03-08-2023","644.55","641.30","648.95","641.00","1.01M","0.51%"
"02-08-2023","641.25","648.00","659.75","634.00","2.57M","-0.93%"
"01-08-2023","647.25","644.00","650.70","640.00","1.99M","1.14%"
"31-07-2023","639.95","627.00","641.40","627.00","1.47M","2.11%"
"28-07-2023","626.75","630.00","633.45","624.50","646.00K","-0.56%"
"27-07-2023","630.25","627.90","635.30","627.90","705.15K","0.37%"
"26-07-2023","627.95","624.60","630.60","623.80","651.95K","0.79%"
"25-07-2023","623.05","626.75","630.80","621.05","671.85K","-0.57%"
"24-07-2023","626.65","635.75","640.00","625.00","927.51K","-1.43%"
"21-07-2023","635.75","626.75","642.90","623.50","2.02M","1.19%"
"20-07-2023","628.25","621.50","629.45","619.05","1.17M","1.27%"
"19-07-2023","620.35","621.90","623.40","619.50","501.95K","-0.06%"
"18-07-2023","620.70","624.00","625.95","618.00","701.39K","-0.03%"
"17-07-2023","620.90","617.50","625.00","617.50","711.16K","0.36%"
"14-07-2023","618.70","616.85","620.00","615.80","535.00K","0.49%"
"13-07-2023","615.70","621.00","624.40","614.25","802.09K","-0.77%"
"12-07-2023","620.45","623.10","624.00","618.00","523.27K","-0.22%"
"11-07-2023","621.80","623.00","629.90","620.60","608.46K","0.53%"
"10-07-2023","618.55","623.00","623.70","617.00","791.58K","-0.65%"
"07-07-2023","622.60","626.50","630.70","621.25","711.06K","-0.84%"
"06-07-2023","627.90","625.10","631.35","624.00","624.17K","0.18%"
"05-07-2023","626.75","626.00","629.50","625.00","569.01K","0.14%"
"04-07-2023","625.90","630.75","632.75","624.30","625.59K","-0.50%"
"03-07-2023","629.05","635.00","637.85","628.00","888.17K","-0.51%"
"30-06-2023","632.25","622.10","633.50","620.20","1.37M","1.98%"
"28-06-2023","620.00","618.00","622.75","615.00","1.16M","0.52%"
"27-06-2023","616.80","616.30","620.50","611.75","975.53K","0.15%"
"26-06-2023","615.90","624.95","625.80","613.70","946.73K","-1.45%"
"23-06-2023","624.95","643.00","646.90","622.75","1.54M","-2.62%"
"22-06-2023","641.75","637.90","654.00","636.65","3.12M","0.90%"
"21-06-2023","636.05","636.60","639.75","633.05","1.58M","0.90%"
"20-06-2023","630.35","620.00","632.50","619.05","3.04M","1.95%"
"19-06-2023","618.30","605.00","620.95","603.55","2.50M","2.29%"
"16-06-2023","604.45","596.40","606.70","596.40","1.41M","1.35%"
"15-06-2023","596.40","596.00","604.95","595.05","847.45K","0.07%"
"14-06-2023","596.00","599.90","601.90","595.25","644.40K","-0.48%"
"13-06-2023","598.90","597.70","600.75","597.70","400.86K","0.31%"
"12-06-2023","597.05","598.80","601.50","595.05","803.88K","-0.81%"
"09-06-2023","601.95","605.00","607.00","600.35","660.93K","-0.24%"
"08-06-2023","603.40","602.35","610.40","602.30","1.42M","0.34%"
"07-06-2023","601.35","599.00","605.00","597.50","809.88K","0.60%"
"06-06-2023","597.75","598.05","599.75","596.00","480.88K","0.19%"
"05-06-2023","596.60","598.50","602.00","595.95","641.14K","-0.04%"
"02-06-2023","596.85","599.10","601.40","596.10","507.82K","-0.05%"
"01-06-2023","597.15","595.00","600.50","593.95","694.57K","0.34%"
"31-05-2023","595.15","599.45","599.45","593.00","720.70K","-0.96%"
"30-05-2023","600.90","605.50","606.45","599.50","720.68K","-0.71%"
"29-05-2023","605.20","610.00","610.10","603.30","1.13M","0.15%"
"26-05-2023","604.30","608.60","610.20","603.10","1.20M","0.12%"
"25-05-2023","603.60","607.00","615.50","601.00","5.19M","1.63%"
"24-05-2023","593.90","594.15","604.20","592.05","2.49M","0.64%"
"23-05-2023","590.15","581.00","594.50","580.90","2.73M","2.19%"
"22-05-2023","577.50","569.00","579.30","566.70","1.51M","2.21%"
"19-05-2023","565.00","570.00","570.05","562.10","515.09K","-0.55%"
"18-05-2023","568.15","572.00","576.85","567.00","964.35K","-0.32%"
"17-05-2023","570.00","568.00","570.95","565.90","862.00K","0.44%"
"16-05-2023","567.50","569.00","574.55","566.40","902.16K","-0.03%"
"15-05-2023","567.65","564.00","573.00","561.20","2.16M","0.99%"
"12-05-2023","562.10","561.00","564.45","557.50","892.78K","0.20%"
"11-05-2023","561.00","559.95","563.70","559.00","680.82K","0.57%"
"10-05-2023","557.80","558.75","560.30","555.10","589.18K","0.08%"
"09-05-2023","557.35","564.45","566.45","555.95","1.02M","-0.95%"
"08-05-2023","562.70","563.00","567.00","562.00","1.10M","0.47%"
"05-05-2023","560.05","552.50","565.35","551.65","2.50M","1.38%"
"04-05-2023","552.45","552.00","566.60","549.10","4.28M","0.20%"
"03-05-2023","551.35","550.95","552.90","550.00","856.69K","0.24%"
"02-05-2023","550.05","552.00","554.60","549.20","1.22M","0.03%"
"28-04-2023","549.90","548.50","552.80","546.55","1.23M","0.77%"
"27-04-2023","545.70","548.00","553.05","543.00","1.15M","-0.37%"
"26-04-2023","547.75","548.30","550.35","547.05","498.40K","-0.10%"
"25-04-2023","548.30","551.00","556.00","547.20","987.65K","-0.20%"
"24-04-2023","549.40","548.90","553.80","547.50","446.85K","0.26%"
"21-04-2023","548.00","550.60","550.60","545.10","655.60K","-0.71%"
"20-04-2023","551.90","547.75","556.20","546.45","731.51K","0.99%"
"19-04-2023","546.50","549.00","550.00","545.00","482.73K","-0.36%"
"18-04-2023","548.45","546.10","552.30","546.10","612.74K","0.71%"
"17-04-2023","544.60","550.95","551.35","544.00","947.67K","-1.15%"
"13-04-2023","550.95","549.90","553.45","548.20","562.52K","0.30%"
"12-04-2023","549.30","552.70","553.90","549.00","682.17K","-0.22%"
"11-04-2023","550.50","550.10","555.25","549.30","659.64K","0.22%"
"10-04-2023","549.30","554.45","556.00","548.50","818.44K","-0.23%"
"06-04-2023","550.55","551.00","556.40","548.15","1.09M","0.11%"
"05-04-2023","549.95","549.40","555.50","546.65","1.16M","0.99%"
"03-04-2023","544.55","540.00","548.55","537.60","1.23M","1.91%"
"31-03-2023","534.35","534.55","546.95","531.10","2.03M","0.47%"
"29-03-2023","531.85","537.50","542.70","530.05","2.25M","-0.92%"
"28-03-2023","536.80","546.00","549.35","535.00","1.82M","-1.34%"
"27-03-2023","544.10","560.10","562.65","539.10","1.74M","-2.84%"
"24-03-2023","560.00","570.00","573.00","559.00","1.31M","-1.55%"
"23-03-2023","568.80","573.10","575.00","568.00","748.09K","-0.69%"
"22-03-2023","572.75","573.00","577.75","572.00","931.33K","0.03%"
"21-03-2023","572.55","577.80","578.75","571.55","779.27K","-0.41%"
"20-03-2023","574.90","579.00","579.05","570.20","725.17K","-0.86%"
"17-03-2023","579.90","575.35","582.10","575.00","696.66K","1.30%"
"16-03-2023","572.45","577.00","578.90","570.75","972.00K","-0.87%"
"15-03-2023","577.45","581.00","586.75","576.00","817.03K","-0.18%"
"14-03-2023","578.50","585.05","587.45","575.00","879.19K","-0.62%"
"13-03-2023","582.10","595.50","598.50","580.00","1.14M","-2.25%"
"10-03-2023","595.50","595.00","596.95","590.05","649.10K","-0.51%"
"09-03-2023","598.55","605.00","606.35","592.50","1.47M","-0.73%"
"08-03-2023","602.95","610.40","610.40","602.00","900.08K","-1.42%"
"06-03-2023","611.65","620.00","625.00","609.90","1.40M","-0.62%"
"03-03-2023","615.45","609.00","619.00","607.70","2.10M","2.39%"
"02-03-2023","601.10","601.90","607.30","597.00","1.38M","-0.10%"
"01-03-2023","601.70","581.30","604.55","580.25","1.82M","4.03%"
"28-02-2023","578.40","568.00","582.75","567.60","2.21M","1.88%"
"27-02-2023","567.75","584.60","585.40","566.00","1.91M","-2.88%"
"24-02-2023","584.60","591.00","594.80","584.00","1.12M","-1.07%"
"23-02-2023","590.90","596.00","598.95","590.10","916.63K","-0.85%"
"22-02-2023","595.95","597.00","598.70","593.45","761.92K","-0.20%"
"21-02-2023","597.15","600.00","601.30","595.90","648.78K","-0.23%"
"20-02-2023","598.50","605.00","605.00","596.40","885.38K","-0.69%"
"17-02-2023","602.65","603.00","605.75","600.30","642.40K","-0.02%"
"16-02-2023","602.80","604.05","606.25","602.00","703.04K","0.30%"
"15-02-2023","601.00","595.10","603.95","595.10","933.88K","0.49%"
"14-02-2023","598.05","605.05","609.70","596.20","1.53M","-1.43%"
"13-02-2023","606.70","621.00","623.65","605.35","1.32M","-2.15%"
"10-02-2023","620.05","630.00","640.00","617.05","3.94M","1.13%"
"09-02-2023","613.15","613.35","618.00","609.60","1.43M","0.48%"
"08-02-2023","610.25","605.00","612.60","604.50","1.37M","1.19%"
"07-02-2023","603.05","602.00","618.20","601.25","2.08M","0.53%"
"06-02-2023","599.90","602.00","607.40","597.00","1.57M","0.14%"
"03-02-2023","599.05","602.10","604.50","586.00","2.28M","-0.01%"
"02-02-2023","599.10","583.15","606.00","583.15","3.38M","0.11%"
"01-02-2023","598.45","660.00","665.40","582.35","6.33M","-8.40%"
"31-01-2023","653.30","660.00","662.90","650.80","1.81M","-0.49%"
"30-01-2023","656.50","649.00","684.00","639.20","3.02M","-1.42%"
"27-01-2023","665.95","691.00","692.50","660.00","1.74M","-3.40%"
"25-01-2023","689.40","703.00","704.95","686.00","864.58K","-1.81%"
"24-01-2023","702.10","702.00","714.50","700.00","1.09M","0.17%"
"23-01-2023","700.90","700.00","704.85","698.20","530.55K","0.34%"
"20-01-2023","698.55","702.00","705.30","695.10","528.70K","-0.43%"
"19-01-2023","701.60","705.00","711.00","700.30","651.60K","-0.71%"
"18-01-2023","706.60","707.00","709.10","703.10","601.66K","0.13%"
"17-01-2023","705.70","708.00","711.50","698.70","981.02K","-0.49%"
"16-01-2023","709.20","714.00","718.60","707.70","746.72K","-0.51%"
"13-01-2023","712.80","706.45","716.20","705.25","1.24M","1.05%"
"12-01-2023","705.40","716.10","717.55","703.10","1.16M","-1.36%"
"11-01-2023","715.10","714.55","723.50","710.55","1.32M","0.01%"
"10-01-2023","715.00","711.70","718.50","708.50","1.55M","0.48%"
"09-01-2023","711.60","716.00","718.00","708.05","1.27M","0.61%"
"06-01-2023","707.30","727.80","729.40","705.20","1.63M","-2.82%"
"05-01-2023","727.80","733.85","738.30","722.60","1.60M","-0.44%"
"04-01-2023","731.00","736.90","746.00","728.00","3.77M","-0.49%"
"03-01-2023","734.60","718.00","737.80","715.75","4.85M","3.54%"
"02-01-2023","709.50","685.00","714.60","684.70","2.99M","3.64%"
"30-12-2022","684.60","686.00","692.25","683.30","878.09K","0.13%"
"29-12-2022","683.70","686.60","686.60","681.35","978.33K","-0.49%"
"28-12-2022","687.05","690.00","693.50","685.00","944.34K","-0.80%"
"27-12-2022","692.60","693.50","698.70","681.55","1.86M","0.67%"
"26-12-2022","688.00","661.00","690.90","661.00","2.73M","4.44%"
"23-12-2022","658.75","679.00","687.05","655.10","3.50M","-3.35%"
"22-12-2022","681.60","705.20","713.65","680.00","4.22M","-2.86%"
"21-12-2022","701.65","742.00","747.70","698.00","4.55M","-5.18%"
"20-12-2022","739.95","738.00","754.25","730.05","8.87M","0.73%"
"19-12-2022","734.60","689.80","741.75","689.75","6.49M","6.69%"
"16-12-2022","688.55","701.30","711.60","687.05","2.82M","-2.85%"
"15-12-2022","708.75","728.10","730.85","706.00","2.26M","-2.15%"
"14-12-2022","724.30","724.00","732.00","711.90","5.01M","0.84%"
"13-12-2022","718.30","700.00","724.50","700.00","7.10M","3.03%"
"12-12-2022","697.20","672.00","703.70","670.10","5.93M","3.77%"
"09-12-2022","671.85","665.00","676.10","664.00","2.72M","1.43%"
"08-12-2022","662.35","655.00","670.30","652.90","2.23M","1.25%"
"07-12-2022","654.15","649.75","657.90","649.75","871.09K","0.38%"
"06-12-2022","651.70","651.00","658.80","649.00","1.23M","-0.06%"
"05-12-2022","652.10","651.10","655.00","649.00","800.92K","0.13%"
"02-12-2022","651.25","648.00","654.00","648.00","905.13K","0.05%"
"01-12-2022","650.90","638.00","658.10","638.00","3.16M","2.29%"
"30-11-2022","636.30","636.00","639.80","633.00","647.35K","-0.08%"
"29-11-2022","636.80","629.00","643.40","629.00","1.57M","1.11%"
"28-11-2022","629.80","628.00","633.25","627.75","823.56K","0.33%"
"25-11-2022","627.75","627.35","630.75","626.70","803.96K","0.56%"
"24-11-2022","624.25","623.00","631.00","623.00","1.20M","0.49%"
"23-11-2022","621.20","627.00","629.00","620.05","914.42K","-0.74%"
"22-11-2022","625.80","625.00","633.80","624.00","996.00K","-0.20%"
"21-11-2022","627.05","639.90","640.30","625.30","880.09K","-1.84%"
"18-11-2022","638.80","643.00","646.00","636.70","750.74K","-0.78%"
"17-11-2022","643.85","639.00","649.25","637.55","1.21M","0.19%"
"16-11-2022","642.65","652.00","655.00","640.00","1.36M","-1.84%"
"15-11-2022","654.70","665.00","672.30","650.00","2.11M","-1.50%"
"14-11-2022","664.65","663.95","684.90","658.30","8.85M","5.89%"
"11-11-2022","627.70","626.00","633.65","625.05","979.07K","1.10%"
"10-11-2022","620.85","635.00","635.00","618.60","788.90K","-1.66%"
"09-11-2022","631.30","635.00","637.70","630.10","626.58K","-0.31%"
"07-11-2022","633.25","629.00","638.00","629.00","1.04M","0.83%"
"04-11-2022","628.05","628.00","630.90","626.30","662.12K","0.38%"
"03-11-2022","625.65","619.00","629.00","616.00","1.60M","1.01%"
"02-11-2022","619.40","607.00","622.00","603.10","1.84M","2.35%"
"01-11-2022","605.20","608.95","608.95","603.95","1.01M","0.21%"
"31-10-2022","603.95","606.90","616.80","602.80","2.93M","1.90%"
"28-10-2022","592.70","596.00","597.45","591.25","737.23K","-0.48%"
"27-10-2022","595.55","596.50","597.80","595.00","651.83K","0.00%"
"25-10-2022","595.55","600.00","601.00","594.30","536.67K","-0.71%"
"24-10-2022","599.80","593.00","600.80","593.00","457.73K","1.80%"
"21-10-2022","589.20","601.15","601.15","588.00","1.85M","-1.96%"
"20-10-2022","601.00","607.55","607.95","600.00","1.04M","-1.00%"
"19-10-2022","607.05","608.90","611.00","605.50","637.87K","-0.13%"
"18-10-2022","607.85","611.00","612.40","607.50","696.88K","-0.15%"
"17-10-2022","608.75","612.80","613.55","608.00","772.17K","-0.66%"
"14-10-2022","612.80","617.60","619.05","612.00","617.66K","0.20%"
"13-10-2022","611.60","616.00","618.45","611.00","686.40K","-0.66%"
"12-10-2022","615.65","621.50","622.70","613.85","700.43K","-0.62%"
"11-10-2022","619.50","620.70","625.95","618.00","775.14K","0.02%"
"10-10-2022","619.40","622.70","622.70","618.20","863.60K","-0.82%"
"07-10-2022","624.50","629.00","630.00","624.00","644.85K","-0.70%"
"06-10-2022","628.90","630.55","635.80","628.50","774.27K","-0.06%"
"04-10-2022","629.30","624.00","631.80","624.00","776.29K","1.40%"
"03-10-2022","620.60","622.00","625.00","619.25","820.75K","-0.17%"
"30-09-2022","621.65","620.25","626.40","617.00","873.23K","0.34%"
"29-09-2022","619.55","623.90","626.90","618.00","777.58K","-0.31%"
"28-09-2022","621.45","627.75","627.75","620.25","845.82K","-1.17%"
"27-09-2022","628.80","632.00","637.60","628.00","1.14M","-0.28%"
"26-09-2022","630.55","640.00","641.00","629.10","1.07M","-1.91%"
"23-09-2022","642.80","651.60","652.95","642.00","1.21M","-1.07%"
"22-09-2022","649.75","653.00","659.00","648.00","1.27M","-0.41%"
"21-09-2022","652.45","656.40","659.90","651.80","920.17K","-0.59%"
"20-09-2022","656.35","657.55","665.05","655.55","927.52K","0.24%"
"19-09-2022","654.75","658.30","663.55","654.00","1.00M","-0.01%"
"16-09-2022","654.80","670.90","671.70","653.35","1.72M","-2.65%"
"15-09-2022","672.60","665.00","676.60","660.15","2.90M","1.38%"
"14-09-2022","663.45","664.70","678.00","662.20","2.47M","-1.01%"
"13-09-2022","670.25","655.00","673.40","653.50","4.25M","2.77%"
"12-09-2022","652.20","655.00","656.75","651.60","1.16M","-0.17%"
"09-09-2022","653.30","657.80","659.00","652.65","1.22M","-0.08%"
"08-09-2022","653.85","656.00","659.00","652.30","1.14M","0.11%"
"07-09-2022","653.15","652.80","655.40","651.00","1.24M","0.05%"
"06-09-2022","652.80","662.00","663.85","651.00","1.98M","-1.06%"
"05-09-2022","659.80","666.00","669.15","659.15","1.47M","-0.73%"
"02-09-2022","664.65","671.00","672.90","664.00","914.14K","-0.61%"
"01-09-2022","668.70","673.00","676.85","668.05","1.02M","-0.71%"
"30-08-2022","673.50","673.50","676.95","672.20","689.26K","0.50%"
"29-08-2022","670.15","670.00","674.95","667.20","1.40M","-1.28%"
"26-08-2022","678.85","680.90","682.40","678.05","691.90K","0.15%"
"25-08-2022","677.85","678.50","682.80","677.05","865.15K","0.24%"
"24-08-2022","676.25","673.10","683.00","672.00","1.47M","0.77%"
"23-08-2022","671.10","674.50","678.80","670.25","1.05M","-0.62%"
"22-08-2022","675.30","684.90","684.90","675.00","1.33M","-1.55%"
"19-08-2022","685.95","697.90","698.95","683.10","1.40M","-1.48%"
"18-08-2022","696.25","698.90","703.50","695.00","1.01M","-0.24%"
"17-08-2022","697.95","702.00","704.00","697.00","1.44M","0.04%"
"16-08-2022","697.65","693.00","706.60","691.30","4.03M","2.23%"
"12-08-2022","682.40","683.25","687.10","681.05","867.47K","-0.04%"
"11-08-2022","682.65","685.45","689.80","681.30","1.06M","0.01%"
"10-08-2022","682.60","682.50","687.95","680.75","1.13M","0.38%"
"08-08-2022","680.00","680.35","688.00","678.50","1.22M","-1.07%"
"05-08-2022","687.35","675.00","694.95","674.10","3.87M","2.03%"
"04-08-2022","673.70","682.00","683.45","670.70","1.04M","-0.68%"
"03-08-2022","678.30","685.00","688.00","677.00","951.59K","-1.05%"
"02-08-2022","685.50","682.40","688.95","680.20","1.06M","0.38%"
"01-08-2022","682.90","680.00","685.60","678.40","949.17K","0.75%"
"29-07-2022","677.80","676.15","683.80","675.00","1.52M","0.43%"
"28-07-2022","674.90","677.00","679.25","674.00","741.90K","0.08%"
"27-07-2022","674.35","675.00","679.60","672.90","690.75K","-0.15%"
"26-07-2022","675.35","684.00","684.80","675.00","662.69K","-1.26%"
"25-07-2022","683.95","688.00","690.00","682.00","671.60K","-0.68%"
"22-07-2022","688.65","689.05","694.30","687.70","948.08K","0.16%"
"21-07-2022","687.55","688.00","693.00","687.05","799.92K","-0.02%"
"20-07-2022","687.70","694.30","696.75","686.75","1.38M","-0.17%"
"19-07-2022","688.85","697.00","699.00","688.00","1.59M","-1.10%"
"18-07-2022","696.50","710.00","713.65","693.00","1.62M","-1.69%"
"15-07-2022","708.50","719.45","721.25","705.05","999.24K","-0.53%"
"14-07-2022","712.30","720.10","721.25","709.00","874.96K","-0.91%"
"13-07-2022","718.85","719.90","723.90","715.45","887.09K","0.17%"
"12-07-2022","717.60","718.70","724.40","714.35","1.36M","-0.08%"
"11-07-2022","718.20","707.95","721.90","704.35","1.64M","1.43%"
"08-07-2022","708.10","701.25","710.80","701.25","2.15M","1.44%"
"07-07-2022","698.05","708.00","714.70","696.00","1.84M","-0.70%"
"06-07-2022","702.95","707.00","713.60","701.50","1.25M","0.04%"
"05-07-2022","702.65","698.00","712.90","697.00","3.66M","1.50%"
"04-07-2022","692.30","678.00","694.00","678.00","1.83M","2.31%"
"01-07-2022","676.65","675.00","679.95","669.00","1.33M","0.41%"
"30-06-2022","673.90","678.50","683.70","671.00","1.68M","-0.68%"
"29-06-2022","678.50","660.10","696.85","657.80","4.65M","2.28%"
"28-06-2022","663.35","663.25","664.80","659.00","1.00M","-0.22%"
"27-06-2022","664.80","670.00","670.00","661.70","1.41M","0.48%"
"24-06-2022","661.65","669.30","673.55","659.10","1.74M","-0.53%"
"23-06-2022","665.15","670.20","674.70","658.60","1.80M","-0.52%"
"22-06-2022","668.60","666.00","684.90","664.10","3.47M","0.51%"
"21-06-2022","665.20","667.00","671.40","663.00","2.36M","0.57%"
"20-06-2022","661.40","660.45","666.70","650.00","3.52M","1.05%"
"17-06-2022","654.55","669.10","669.35","651.00","4.04M","-2.21%"
"16-06-2022","669.35","703.45","706.00","667.00","4.05M","-3.01%"
"15-06-2022","690.15","681.00","709.70","679.10","9.20M","2.35%"
"14-06-2022","674.30","664.10","684.00","663.00","5.35M","0.91%"
"13-06-2022","668.25","690.90","690.90","667.00","7.78M","-5.84%"
"10-06-2022","709.70","713.00","719.75","708.05","3.46M","-1.66%"
"09-06-2022","721.70","729.90","736.00","720.10","3.73M","-2.22%"
"08-06-2022","738.05","752.90","752.90","736.10","4.10M","-1.99%"
"07-06-2022","753.00","772.90","772.90","751.80","3.77M","-3.13%"
"06-06-2022","777.35","800.25","801.70","775.10","3.03M","-2.86%"
"03-06-2022","800.25","808.65","810.75","800.00","2.05M","-0.68%"
"02-06-2022","805.70","809.95","813.80","804.00","1.57M","-0.58%"
"01-06-2022","810.40","811.40","817.45","808.50","1.67M","-0.11%"
"31-05-2022","811.30","810.00","822.00","810.00","4.37M","-3.16%"
"30-05-2022","837.75","829.90","841.40","825.30","3.13M","1.97%"
"27-05-2022","821.60","818.55","824.65","814.35","2.22M","1.23%"
"26-05-2022","811.65","820.30","824.80","801.00","2.80M","-1.05%"
"25-05-2022","820.30","831.50","841.45","814.25","4.01M","-0.34%"
"24-05-2022","823.10","818.00","834.70","816.85","4.29M","0.77%"
"23-05-2022","816.85","826.15","852.70","803.65","12.44M","-1.13%"
"20-05-2022","826.15","848.55","856.80","825.00","7.08M","-1.75%"
"19-05-2022","840.85","867.00","867.00","838.00","7.37M","-4.05%"
"18-05-2022","876.35","885.55","891.00","874.10","8.92M","0.13%"